Account,Symbol,Type,Open Date,Position Open Price,Position Close Date,Close Price,Stop Loss,Trade Gain %,Account Equity
5090240,NDX USD,Buy,4/24/2024 14:44,17580.21,4/24/2024 14:45,17592.17,17530.6,7.24%,107.24%
5090240,NDX USD,Buy,4/24/2024 14:52,17566.04,4/24/2024 14:54,17580.7,17519.17,0.65%,107.93%
5090240,NDX USD,Buy,4/24/2024 15:03,17566.83,4/24/2024 15:15,17555.02,17505.35,-0.08%,107.85%
5090240,NDX USD,Sell,4/24/2024 16:26,17527.12,4/24/2024 17:27,17596.29,17657.88,-0.25%,107.58%
5090240,NDX USD,Sell,4/25/2024 15:03,17251.03,4/25/2024 15:31,17199.8,17311.41,0.56%,108.18%
5090240,NDX USD,Sell,4/27/2024 17:38,17569.24,4/27/2024 17:55,17563.1,17624.57,0.54%,108.76%
5090240,NDX USD,Sell,4/29/2024 15:35,18801.52,4/29/2024 15:54,18793.32,18859.1,0.45%,109.25%
5090240,NDX USD,Sell,4/29/2024 15:44,17760.1,4/29/2024 16:02,17774.99,17822.26,-0.17%,109.06%
5090240,NDX USD,Buy,4/29/2024 15:55,17982.53,4/29/2024 16:23,17987.16,17924.2,0.46%,109.57%
5090240,NDX USD,Buy,4/30/2024 17:54,18806.76,4/30/2024 18:04,18791.61,18740.94,-0.09%,109.47%
5090240,NDX USD,Sell,5/1/2024 15:07,18546.9,5/1/2024 15:23,18554.41,18611.81,-0.17%,109.28%
5090240,NDX USD,Sell,5/3/2024 15:44,18310.84,5/3/2024 16:08,18293.91,18374.93,0.59%,109.92%
5090240,NDX USD,Buy,5/5/2024 15:48,16973.4,5/5/2024 15:55,16982.45,16923.01,0.40%,110.36%
5090240,NDX USD,Buy,5/6/2024 14:47,17965.44,5/6/2024 15:38,17954.91,17902.56,-0.11%,110.24%
5090240,NDX USD,Sell,5/6/2024 16:00,18005.29,5/6/2024 16:06,18019.71,18068.31,-0.09%,110.14%
5090240,NDX USD,Sell,5/6/2024 16:44,18004.6,5/6/2024 17:10,18003.92,18066.93,0.45%,110.63%
5090240,NDX USD,Sell,5/6/2024 16:07,18008.2,5/6/2024 17:23,18009.03,18071.23,-0.17%,110.45%
5090240,NDX USD,Sell,5/7/2024 14:28,18081.67,5/7/2024 14:42,18069.88,18133.12,0.62%,111.13%
5090240,NDX USD,Sell,5/7/2024 15:48,19198.65,5/7/2024 16:11,19186.45,19253.6,0.54%,111.73%
5090240,NDX USD,Sell,5/8/2024 14:53,17998.39,5/8/2024 15:30,18010.61,18061.38,-0.18%,111.52%
5090240,NDX USD,Buy,5/11/2024 16:48,18131.99,5/11/2024 16:49,18141.36,18077.87,0.35%,111.92%
5090240,NDX USD,Buy,5/11/2024 18:52,17063.0,5/11/2024 19:10,17071.75,17012.0,0.40%,112.37%
5090240,NDX USD,Sell,5/12/2024 15:19,17528.06,5/12/2024 15:49,17484.08,17589.41,0.54%,112.97%
5090240,NDX USD,Sell,5/13/2024 15:00,18220.49,5/13/2024 15:02,18239.69,18303.53,-0.25%,112.69%
5090240,NDX USD,Sell,5/13/2024 15:30,18238.52,5/13/2024 15:34,18211.66,18302.35,0.62%,113.39%
5090240,NDX USD,Sell,5/13/2024 15:59,17453.47,5/13/2024 16:34,17466.55,17514.56,-0.23%,113.13%
5090240,NDX USD,Sell,5/14/2024 14:43,18180.87,5/14/2024 15:11,18196.5,18244.5,-0.09%,113.02%
5090240,NDX USD,Sell,5/14/2024 14:43,18195.37,5/14/2024 15:11,18179.87,18243.5,0.39%,113.46%
5090240,NDX USD,Buy,5/14/2024 16:20,17293.58,5/14/2024 16:48,17301.51,17240.95,0.63%,114.17%
5090240,NDX USD,Buy,5/15/2024 15:09,18411.6,5/15/2024 15:30,18424.9,18360.41,0.54%,114.79%
5090240,NDX USD,Buy,5/15/2024 15:31,18424.47,5/15/2024 15:37,18427.4,18362.9,0.46%,115.32%
5090240,NDX USD,Buy,5/15/2024 14:46,18410.1,5/15/2024 15:38,18410.65,18346.21,0.46%,115.85%
5090240,NDX USD,Sell,5/15/2024 15:42,17112.27,5/15/2024 16:12,17119.15,17172.16,-0.15%,115.68%
5090240,NDX USD,Sell,5/15/2024 16:11,18428.87,5/15/2024 16:17,18443.2,18493.37,-0.15%,115.50%
5090240,NDX USD,Buy,5/15/2024 17:44,18121.74,5/15/2024 18:11,18134.71,18058.31,0.39%,115.94%
5090240,NDX USD,Sell,5/16/2024 15:05,18609.14,5/16/2024 15:37,18609.63,18674.27,-0.23%,115.68%
5090240,NDX USD,Sell,5/16/2024 15:40,18605.15,5/16/2024 15:42,18618.37,18670.27,-0.17%,115.48%
5090240,NDX USD,Sell,5/16/2024 15:43,18619.05,5/16/2024 15:45,18608.87,18674.0,0.62%,116.19%
5090240,NDX USD,Sell,5/16/2024 15:44,18612.12,5/16/2024 15:47,18622.17,18677.26,-0.15%,116.01%
5090240,NDX USD,Sell,5/16/2024 15:59,18625.3,5/16/2024 16:15,18625.5,18690.69,-0.26%,115.71%
5090240,NDX USD,Sell,5/16/2024 15:58,18625.75,5/16/2024 16:15,18625.3,18690.94,0.59%,116.39%
5090240,NDX USD,Sell,5/16/2024 16:16,18615.12,5/16/2024 16:19,18625.8,18680.27,-0.14%,116.23%
5090240,NDX USD,Sell,5/16/2024 16:14,18625.8,5/16/2024 16:19,18616.12,18681.28,0.62%,116.94%
5090240,NDX USD,Sell,5/17/2024 14:31,18604.1,5/17/2024 14:45,18594.42,18659.5,0.35%,117.36%
5090240,NDX USD,Buy,5/17/2024 15:10,18589.37,5/17/2024 15:24,18596.88,18531.79,0.56%,118.01%
5090240,NDX USD,Buy,5/20/2024 14:58,18588.78,5/20/2024 15:26,18578.4,18523.72,-0.26%,117.70%
5090240,NDX USD,Sell,5/20/2024 16:41,17221.02,5/20/2024 17:02,17205.1,17281.29,0.52%,118.32%
5090240,NDX USD,Sell,5/20/2024 18:22,18676.95,5/20/2024 18:38,18695.39,18742.32,-0.22%,118.06%
5090240,NDX USD,Sell,5/21/2024 15:12,18631.61,5/21/2024 15:18,18651.45,18716.73,-0.23%,117.79%
5090240,NDX USD,Sell,5/21/2024 15:39,18635.95,5/21/2024 15:50,18638.28,18701.18,-0.11%,117.66%
5090240,NDX USD,Buy,5/21/2024 15:55,18297.89,5/21/2024 15:59,18320.27,18233.85,0.32%,118.04%
5090240,NDX USD,Sell,5/21/2024 16:07,16926.73,5/21/2024 16:25,16943.18,16985.97,-0.17%,117.84%
5090240,NDX USD,Sell,5/21/2024 17:18,18684.57,5/21/2024 17:17,18684.29,18749.97,0.59%,118.53%
5090240,NDX USD,Buy,5/21/2024 17:17,18685.82,5/21/2024 17:29,18685.35,18619.95,-0.23%,118.26%
5090240,NDX USD,Sell,5/22/2024 14:27,18729.85,5/22/2024 14:48,18740.09,18795.4,-0.23%,117.99%
5090240,NDX USD,Buy,5/22/2024 15:12,18734.04,5/22/2024 15:31,18755.47,18668.47,0.60%,118.70%
5090240,NDX USD,Sell,5/23/2024 14:13,17995.33,5/23/2024 14:32,18004.16,18058.31,-0.20%,118.46%
5090240,NDX USD,Buy,5/23/2024 15:11,18967.22,5/23/2024 15:36,18961.29,18900.83,-0.14%,118.29%
5090240,NDX USD,Sell,5/23/2024 16:03,19305.77,5/23/2024 16:15,19316.51,19373.34,-0.28%,117.97%
5090240,NDX USD,Sell,5/23/2024 18:19,19191.9,5/23/2024 18:37,19204.05,19259.07,-0.20%,117.73%
5090240,NDX USD,Buy,5/24/2024 15:12,18694.02,5/24/2024 15:22,18685.05,18628.59,-0.25%,117.44%
5090240,NDX USD,Sell,5/24/2024 15:31,16927.11,5/24/2024 15:32,16908.4,16986.35,0.52%,118.06%
5090240,NDX USD,Sell,5/24/2024 16:43,16987.34,5/24/2024 16:59,16976.03,17046.8,0.31%,118.42%
5090240,NDX USD,Buy,5/24/2024 17:44,18022.43,5/24/2024 17:53,18056.02,17959.35,0.63%,119.17%
5090240,NDX USD,Buy,5/26/2024 15:17,18436.09,5/26/2024 15:40,18411.22,18346.78,-0.28%,118.84%
5090240,NDX USD,Buy,5/27/2024 14:11,18833.81,5/27/2024 14:48,18826.57,18767.89,-0.14%,118.67%
5090240,NDX USD,Buy,5/27/2024 14:17,18826.57,5/27/2024 14:48,18832.09,18766.18,0.29%,119.02%
5090240,NDX USD,Sell,5/27/2024 15:18,18830.32,5/27/2024 15:30,18836.57,18896.23,-0.23%,118.75%
5090240,NDX USD,Sell,5/27/2024 16:04,18106.16,5/27/2024 16:05,18095.6,18158.93,0.59%,119.44%
5090240,NDX USD,Buy,5/27/2024 16:16,18835.11,5/27/2024 16:54,18858.45,18769.19,0.34%,119.85%
5090240,NDX USD,Sell,5/28/2024 14:28,18879.5,5/28/2024 14:36,18882.46,18945.58,-0.25%,119.55%
5090240,NDX USD,Sell,5/28/2024 14:28,18883.62,5/28/2024 14:38,18879.12,18945.2,0.54%,120.20%
5090240,NDX USD,Sell,5/28/2024 14:36,18878.12,5/28/2024 14:38,18883.62,18944.19,-0.20%,119.96%
5090240,NDX USD,Sell,5/28/2024 15:17,18882.19,5/28/2024 15:19,18876.25,18942.32,0.29%,120.31%
5090240,NDX USD,Buy,5/29/2024 18:24,17827.8,5/29/2024 18:54,17861.51,17765.4,0.65%,121.09%
5090240,NDX USD,Sell,5/31/2024 16:48,18474.05,5/31/2024 17:07,18480.85,18538.71,-0.25%,120.79%
5090240,NDX USD,Sell,5/31/2024 19:45,19219.57,5/31/2024 20:16,19225.38,19286.84,-0.28%,120.45%
5090240,NDX USD,Sell,6/1/2024 18:49,18040.57,6/1/2024 18:52,18017.92,18103.71,0.40%,120.94%
5090240,NDX USD,Buy,6/6/2024 14:55,18709.8,6/6/2024 15:14,18700.34,18634.89,-0.15%,120.75%
5090240,NDX USD,Sell,6/6/2024 16:29,17523.9,6/6/2024 16:53,17504.16,17565.42,0.56%,121.42%
5090240,NDX USD,Buy,6/6/2024 18:32,18166.42,6/6/2024 18:37,18178.95,18115.32,0.32%,121.81%
5090240,NDX USD,Buy,6/7/2024 15:00,19328.58,6/7/2024 15:13,19287.03,19219.53,-0.22%,121.55%
5090240,NDX USD,Buy,6/7/2024 17:58,16922.07,6/7/2024 18:25,16910.43,16862.84,-0.28%,121.21%
5090240,NDX USD,Buy,6/11/2024 16:48,18942.11,6/11/2024 17:13,18912.11,18845.92,-0.18%,120.99%
5090240,NDX USD,Sell,6/13/2024 14:23,18566.26,6/13/2024 14:28,18588.91,18653.97,-0.12%,120.84%
5090240,NDX USD,Sell,6/16/2024 17:00,18440.38,6/16/2024 17:15,18467.27,18531.91,-0.12%,120.69%
5090240,NDX USD,Buy,6/18/2024 16:38,19251.18,6/18/2024 16:55,19212.68,19145.44,-0.09%,120.58%
5090240,NDX USD,Buy,6/24/2024 16:17,18303.43,6/24/2024 16:39,18267.81,18203.87,-0.12%,120.43%
5090240,NDX USD,Buy,6/24/2024 16:22,18568.86,6/24/2024 16:54,18577.99,18512.97,0.60%,121.16%
5090240,NDX USD,Sell,6/25/2024 14:09,19598.5,6/25/2024 14:11,19604.11,19667.09,-0.14%,120.99%
5090240,NDX USD,Sell,6/25/2024 14:12,19608.5,6/25/2024 14:23,19614.82,19677.13,-0.18%,120.77%
TL1014389,NDX100,Sell,3/3/2025 19:53,20862.4,3/3/2025 19:53,20862.4,20935.42,-0.23%,120.49%
TL1014389,NDX100,Sell,3/3/2025 19:53,20834.47,3/3/2025 19:54,20854.77,20927.76,-0.14%,120.32%
TL1014389,NDX100,Sell,3/4/2025 16:29,20271.45,3/4/2025 16:30,20300.37,20371.42,-0.22%,120.06%
TL1014389,NDX100,Sell,3/4/2025 16:42,20278.15,3/4/2025 16:44,20283.47,20349.12,-0.26%,119.75%
TL1014389,NDX100,Buy,3/4/2025 16:47,20336.4,3/4/2025 16:48,20328.1,20256.95,-0.18%,119.52%
TL1014389,NDX100,Sell,3/4/2025 16:49,20233.35,3/4/2025 16:53,20299.15,20370.2,-0.11%,119.40%
TL1014389,NDX100,Buy,3/4/2025 17:18,19401.62,3/4/2025 17:19,19422.26,19354.28,0.32%,119.78%
TL1014389,NDX100,Sell,3/5/2025 16:32,20387.72,3/5/2025 16:32,20380.27,20451.6,0.49%,120.37%
TL1014389,NDX100,Sell,3/5/2025 16:35,20327.35,3/5/2025 16:36,20371.77,20443.07,-0.20%,120.13%
TL1014389,NDX100,Sell,3/5/2025 16:46,20368.77,3/5/2025 16:47,20325.1,20440.06,0.46%,120.69%
TL1014389,NDX100,Buy,3/6/2025 12:50,20355.65,3/6/2025 12:51,20363.72,20292.45,0.32%,121.08%
TL1014389,NDX100,Sell,3/6/2025 12:52,20351.22,3/6/2025 12:54,20351.4,20422.63,-0.09%,120.97%
TL1014389,NDX100,Sell,3/6/2025 12:55,20332.35,3/6/2025 12:55,20337.8,20408.98,-0.23%,120.69%
TL1014389,NDX100,Sell,3/6/2025 12:52,20350.65,3/6/2025 12:55,20335.05,20421.88,0.51%,121.30%
TL1014389,NDX100,Sell,3/6/2025 12:59,20326.85,3/6/2025 13:02,20345.4,20416.61,-0.20%,121.06%
TL1014389,NDX100,Sell,3/9/2025 16:29,18542.92,3/9/2025 16:45,18549.24,18607.82,-0.28%,120.72%
TL1014389,NDX100,Buy,3/13/2025 16:34,19582.09,3/13/2025 16:35,19544.37,19513.55,-0.17%,120.52%
TL1014389,NDX100,Sell,3/14/2025 16:09,16943.41,3/14/2025 16:25,17003.99,17063.5,-0.25%,120.22%
TL1014389,NDX100,Sell,3/17/2025 16:55,17147.05,3/17/2025 17:14,17216.14,17276.4,-0.26%,119.91%
TL1014389,NDX100,Buy,3/19/2025 15:49,20398.6,3/19/2025 15:50,20467.89,20327.2,0.29%,120.26%
TL1014389,NDX100,Sell,3/19/2025 17:10,19627.57,3/19/2025 17:21,19656.8,19696.27,-0.25%,119.96%
TL1014389,NDX100,Buy,3/21/2025 15:05,23673.83,3/21/2025 15:21,23692.75,23609.83,0.31%,120.33%
TL1014389,NDX100,Sell,3/21/2025 15:59,22433.17,3/21/2025 16:04,22475.76,22554.43,-0.15%,120.15%
TL1014389,NDX100,Sell,3/24/2025 15:06,17202.94,3/24/2025 15:13,17222.92,17283.2,-0.17%,119.94%
TL1014389,NDX100,Sell,3/26/2025 15:19,22028.07,3/26/2025 15:31,21992.65,22069.62,0.65%,120.72%
TL1014389,NDX100,Buy,3/27/2025 19:15,17991.14,3/27/2025 19:17,18039.7,17928.17,0.62%,121.46%
TL1014389,NDX100,Buy,3/28/2025 14:04,18367.65,3/28/2025 14:05,18338.38,18303.36,-0.08%,121.37%
TL1014389,NDX100,Buy,3/28/2025 15:50,23633.16,3/28/2025 15:58,23650.72,23567.94,0.37%,121.82%
TL1014389,NDX100,Buy,3/31/2025 17:41,24770.15,3/31/2025 17:51,24728.46,24641.91,-0.18%,121.59%
TL1014389,NDX100,Buy,4/1/2025 00:08,19210.25,4/1/2025 00:08,19209.7,19142.47,-0.23%,121.31%
TL1014389,NDX100,Buy,4/1/2025 16:30,19177.65,4/1/2025 16:32,19179.1,19111.97,0.49%,121.91%
10055140,NDX100,Buy,4/7/2025 15:13,22908.42,4/7/2025 15:14,22876.44,22828.24,-0.15%,121.72%
10055140,NDX100,Sell,4/7/2025 15:34,16769.02,4/7/2025 15:35,16705.82,16827.71,0.57%,122.42%
10055140,NDX100,Buy,4/7/2025 16:07,17149.35,4/7/2025 16:08,17086.4,17089.33,-0.14%,122.25%
10055140,NDX100,Sell,4/7/2025 16:08,17097.02,4/7/2025 16:10,17164.17,17156.86,-0.23%,121.97%
10055140,NDX100,Buy,4/7/2025 16:10,17323.52,4/7/2025 16:10,17251.07,17190.69,-0.20%,121.72%
10055140,NDX100,Buy,4/7/2025 16:11,17507.55,4/7/2025 16:11,17450.93,17389.85,-0.17%,121.52%
10055140,NDX100,Buy,4/7/2025 17:15,18645.89,4/7/2025 17:20,18628.52,18563.32,-0.28%,121.18%
10055140,NDX100,Sell,4/8/2025 15:08,23053.24,4/8/2025 15:10,23075.78,23156.55,-0.28%,120.84%
10055140,NDX100,Buy,4/8/2025 15:07,17147.61,4/8/2025 15:28,17134.4,17087.59,-0.20%,120.60%
10055140,NDX100,Buy,4/8/2025 15:34,18022.45,4/8/2025 15:35,18023.97,17960.89,0.32%,120.99%
10055140,NDX100,Buy,4/8/2025 15:35,17973.77,4/8/2025 15:36,18028.89,17965.79,0.54%,121.64%
10055140,NDX100,Buy,4/8/2025 15:42,17990.47,4/8/2025 15:44,17988.45,17927.5,-0.23%,121.36%
10055140,NDX100,Buy,4/8/2025 15:38,23941.01,4/8/2025 15:49,23888.83,23805.22,-0.26%,121.05%
10055140,NDX100,Buy,4/8/2025 15:42,18007.85,4/8/2025 15:58,18119.9,17944.82,0.34%,121.46%
10055140,NDX100,Sell,4/8/2025 16:15,19658.45,4/8/2025 16:31,19667.22,19727.25,-0.23%,121.18%
10055140,NDX100,Buy,4/8/2025 16:23,21096.63,4/8/2025 16:34,21082.78,21008.99,-0.23%,120.90%
10055140,NDX100,Buy,4/8/2025 16:36,18609.29,4/8/2025 16:37,18622.46,18557.28,0.46%,121.46%
10055140,NDX100,Buy,4/8/2025 16:52,22203.6,4/8/2025 16:53,22277.33,22125.89,0.45%,122.00%
10055140,NDX100,Buy,4/9/2025 15:16,20979.84,4/9/2025 15:39,20940.82,20867.53,-0.22%,121.74%
10055140,NDX100,Sell,4/9/2025 15:44,17227.39,4/9/2025 15:44,17228.23,17287.69,-0.15%,121.55%
10055140,NDX100,Buy,4/9/2025 15:48,17367.89,4/9/2025 15:56,17219.72,17159.45,-0.23%,121.27%
10055140,NDX100,Sell,4/9/2025 16:24,19913.99,4/9/2025 16:25,19945.49,20015.3,-0.09%,121.16%
10055140,NDX100,Sell,4/9/2025 16:18,18449.32,4/9/2025 16:34,18514.52,18579.32,-0.08%,121.06%
10055140,NDX100,Sell,4/9/2025 16:52,17240.75,4/9/2025 17:01,17257.9,17301.09,-0.14%,120.89%
10055140,NDX100,Buy,4/9/2025 17:02,20085.21,4/9/2025 17:15,20124.55,20014.91,0.43%,121.42%
10055140,NDX100,Sell,4/9/2025 17:54,19644.1,4/9/2025 18:10,19669.83,19712.85,-0.17%,121.21%
10055140,NDX100,Sell,4/10/2025 15:04,20202.48,4/10/2025 15:18,20231.6,20273.19,-0.15%,121.02%
10055140,NDX100,Sell,4/10/2025 15:24,24505.31,4/10/2025 15:36,24573.86,24659.87,-0.26%,120.71%
10055140,NDX100,Sell,4/10/2025 15:40,23134.78,4/10/2025 15:42,23095.61,23215.75,0.43%,121.23%
10055140,NDX100,Sell,4/10/2025 16:09,21965.33,4/10/2025 16:24,21941.53,22042.21,0.48%,121.81%
10055140,NDX100,Sell,4/10/2025 16:27,22323.48,4/10/2025 16:37,22365.5,22443.78,-0.25%,121.51%
10055140,NDX100,Sell,4/10/2025 17:28,24806.17,4/10/2025 17:40,24868.66,24955.7,-0.26%,121.19%
10055140,NDX100,Buy,4/12/2025 16:57,21171.41,4/12/2025 16:58,21137.35,21097.31,-0.12%,121.04%
10055140,NDX100,Sell,4/12/2025 19:09,17023.91,4/12/2025 19:16,17058.62,17083.49,-0.20%,120.80%
TL1014389,NDX100,Buy,4/13/2025 16:36,19186.22,4/13/2025 16:37,19186.15,19119.07,-0.17%,120.59%
10055140,NDX100,Buy,4/14/2025 14:12,22852.5,4/14/2025 14:21,22838.53,22758.6,-0.09%,120.48%
10055140,NDX100,Sell,4/14/2025 14:47,24164.86,4/14/2025 14:57,24154.86,24239.4,0.51%,121.09%
10055140,NDX100,Sell,4/14/2025 15:28,20860.94,4/14/2025 15:30,20834.21,20907.13,0.39%,121.56%
10055140,NDX100,Sell,4/14/2025 16:06,22886.3,4/14/2025 16:18,22943.82,23024.12,-0.08%,121.47%
10055140,NDX100,Sell,4/14/2025 16:23,21525.04,4/14/2025 16:24,21554.13,21600.38,-0.20%,121.22%
10055140,NDX100,Sell,4/14/2025 16:23,21089.59,4/14/2025 16:36,21108.13,21163.4,-0.28%,120.89%
10055140,NDX100,Sell,4/14/2025 17:35,19974.67,4/14/2025 17:52,19914.44,20044.58,0.52%,121.52%
10055140,NDX100,Buy,4/15/2025 15:33,18739.65,4/15/2025 15:33,18742.1,18676.5,0.31%,121.90%
10055140,NDX100,Buy,4/15/2025 15:38,18879.13,4/15/2025 15:42,18942.51,18813.05,0.39%,122.37%
10055140,NDX100,Buy,4/15/2025 15:47,18934.87,4/15/2025 15:58,18934.75,18868.48,-0.11%,122.23%
10055140,NDX100,Buy,4/15/2025 16:04,18945.0,4/15/2025 16:14,18945.25,18878.69,0.52%,122.88%
10055140,NDX100,Sell,4/15/2025 16:17,18913.5,4/15/2025 16:18,18923.64,18979.7,-0.28%,122.53%
10055140,NDX100,Sell,4/15/2025 16:18,18901.75,4/15/2025 16:19,18863.21,18967.91,0.45%,123.08%
10055140,NDX100,Buy,4/15/2025 16:31,21521.85,4/15/2025 16:32,21541.93,21466.53,0.43%,123.61%
10055140,NDX100,Buy,4/15/2025 17:27,23974.53,4/15/2025 17:44,23993.68,23909.7,0.46%,124.19%
10055140,NDX100,Buy,4/16/2025 14:03,17713.79,4/16/2025 14:05,17693.66,17651.79,-0.23%,123.90%
10055140,NDX100,Buy,4/16/2025 14:45,17567.1,4/16/2025 14:46,17539.17,17477.78,-0.15%,123.71%
10055140,NDX100,Buy,4/16/2025 15:50,19156.25,4/16/2025 15:53,19166.59,19099.51,0.31%,124.09%
10055140,NDX100,Sell,4/17/2025 14:29,20206.27,4/17/2025 14:39,20219.02,20289.79,-0.22%,123.82%
10055140,NDX100,Buy,4/17/2025 14:43,22053.97,4/17/2025 14:45,22046.43,21976.78,-0.20%,123.57%
10055140,NDX100,Sell,4/17/2025 14:55,23704.99,4/17/2025 14:59,23744.15,23787.96,-0.09%,123.46%
10055140,NDX100,Sell,4/17/2025 15:45,18300.58,4/17/2025 15:48,18301.12,18365.17,-0.26%,123.14%
10055140,NDX100,Sell,4/17/2025 15:49,18292.65,4/17/2025 15:50,18346.55,18356.67,-0.12%,122.98%
10055140,NDX100,Buy,4/17/2025 15:54,18373.92,4/17/2025 15:56,18333.22,18309.61,-0.23%,122.70%
10055140,NDX100,Sell,4/17/2025 15:57,18333.17,4/17/2025 15:59,18357.3,18397.34,-0.17%,122.49%
10055140,NDX100,Sell,4/17/2025 16:02,18356.8,4/17/2025 16:02,18351.55,18415.78,0.42%,123.00%
10055140,NDX100,Sell,4/17/2025 16:09,21988.03,4/17/2025 16:21,21959.52,22036.38,0.45%,123.55%
10055140,NDX100,Sell,4/17/2025 18:57,17967.55,4/17/2025 19:03,18039.67,18102.81,-0.12%,123.40%
10055140,NDX100,Sell,4/18/2025 15:59,17093.82,4/18/2025 16:02,17056.32,17153.65,0.42%,123.91%
10055140,NDX100,Sell,4/18/2025 18:28,20302.28,4/18/2025 18:33,20274.68,20373.34,0.32%,124.31%
10055140,NDX100,Sell,4/19/2025 15:47,22328.59,4/19/2025 15:51,22304.22,22382.28,0.32%,124.72%
10055140,NDX100,Buy,4/19/2025 16:40,22737.62,4/19/2025 16:41,22719.48,22658.04,-0.26%,124.39%
10055140,NDX100,Sell,4/19/2025 17:48,16776.65,4/19/2025 17:49,16804.63,16863.45,-0.11%,124.26%
10055140,NDX100,Buy,4/20/2025 14:08,20860.64,4/20/2025 14:21,20880.17,20807.09,0.51%,124.89%
10055140,NDX100,Buy,4/20/2025 16:10,22246.93,4/20/2025 16:23,22279.13,22169.07,0.63%,125.68%
10055140,NDX100,Buy,4/20/2025 17:41,18019.86,4/20/2025 17:53,17970.93,17908.03,-0.14%,125.50%
10055140,NDX100,Buy,4/20/2025 19:54,19418.91,4/20/2025 20:01,19458.26,19390.16,0.29%,125.87%
10055140,NDX100,Buy,4/21/2025 15:24,23641.54,4/21/2025 15:25,23657.58,23558.79,0.52%,126.53%
10055140,NDX100,Sell,4/21/2025 15:56,17920.37,4/21/2025 15:57,17925.25,17983.09,-0.12%,126.38%
10055140,NDX100,Sell,4/21/2025 16:37,20193.37,4/21/2025 16:48,20123.38,20264.05,0.54%,127.06%
10055140,NDX100,Buy,4/22/2025 14:15,20369.8,4/22/2025 14:16,20343.15,20271.95,-0.18%,126.82%
10055140,NDX100,Sell,4/22/2025 15:01,20264.35,4/22/2025 15:14,20278.53,20335.28,-0.20%,126.57%
10055140,NDX100,Buy,4/22/2025 15:32,18030.0,4/22/2025 15:35,17992.87,17966.9,-0.18%,126.34%
10055140,NDX100,Buy,4/22/2025 15:38,18081.96,4/22/2025 15:43,18030.0,17966.9,-0.12%,126.18%
10055140,NDX100,Buy,4/22/2025 15:45,18120.59,4/22/2025 15:50,18106.02,18057.17,-0.23%,125.89%
10055140,NDX100,Buy,4/22/2025 15:56,18134.13,4/22/2025 15:59,18104.23,18040.87,-0.17%,125.67%
10055140,NDX100,Buy,4/22/2025 15:57,18135.32,4/22/2025 15:59,18102.73,18039.37,-0.18%,125.44%
10055140,NDX100,Sell,4/23/2025 15:19,23008.76,4/23/2025 15:25,23017.36,23089.29,-0.09%,125.33%
10055140,NDX100,Buy,4/23/2025 15:49,19314.04,4/23/2025 15:50,19344.77,19277.06,0.57%,126.04%
10055140,NDX100,Buy,4/23/2025 15:54,18890.13,4/23/2025 15:55,18941.0,18874.71,0.62%,126.82%
10055140,NDX100,Buy,4/23/2025 15:56,18894.0,4/23/2025 16:00,18885.63,18827.87,-0.11%,126.68%
10055140,NDX100,Buy,4/23/2025 16:06,18938.25,4/23/2025 16:18,18872.92,18871.97,-0.22%,126.41%
10055140,NDX100,Sell,4/23/2025 16:20,18943.62,4/23/2025 16:23,18872.5,18938.55,0.37%,126.88%
10055140,NDX100,Buy,4/23/2025 16:38,19017.95,4/23/2025 16:38,19036.22,18969.59,0.46%,127.46%
10055140,NDX100,Buy,4/23/2025 16:39,19017.98,4/23/2025 16:40,19016.57,18950.01,-0.23%,127.17%
10055140,NDX100,Buy,4/23/2025 16:44,19002.22,4/23/2025 16:50,18964.96,18935.71,-0.18%,126.93%
10055140,NDX100,Sell,4/23/2025 17:27,19484.62,4/23/2025 17:38,19504.33,19552.82,-0.14%,126.76%
10055140,NDX100,Buy,4/24/2025 15:31,18761.87,4/24/2025 15:33,18742.1,18696.2,-0.09%,126.64%
10055140,NDX100,Buy,4/24/2025 15:31,18768.12,4/24/2025 15:33,18746.65,18702.43,-0.15%,126.45%
10055140,NDX100,Buy,4/24/2025 15:42,17056.8,4/24/2025 15:43,17095.94,17036.1,0.59%,127.19%
10055140,NDX100,Sell,4/24/2025 16:45,19858.16,4/24/2025 16:47,19819.31,19888.68,0.31%,127.58%
10055140,NDX100,Sell,4/24/2025 19:18,19740.64,4/24/2025 19:39,19746.92,19809.73,-0.20%,127.32%
10055140,NDX100,Buy,4/25/2025 14:19,20427.13,4/25/2025 14:20,20447.1,20375.54,0.65%,128.15%
10055140,NDX100,Sell,4/25/2025 14:32,18840.28,4/25/2025 14:33,18849.38,18915.35,-0.25%,127.83%
10055140,NDX100,Sell,4/25/2025 15:09,19140.6,4/25/2025 15:02,19124.65,19191.59,0.43%,128.38%
10055140,NDX100,Buy,4/25/2025 15:22,19188.67,4/25/2025 15:26,19174.8,19107.69,-0.26%,128.05%
10055140,NDX100,Buy,4/25/2025 15:02,19137.1,4/25/2025 15:26,19188.67,19070.12,0.31%,128.44%
10055140,NDX100,Buy,4/25/2025 15:40,22867.7,4/25/2025 15:49,22808.05,22728.22,-0.09%,128.32%
10055140,NDX100,Sell,4/25/2025 16:44,18658.39,4/25/2025 16:56,18646.26,18711.52,0.65%,129.16%
10055140,NDX100,Sell,4/25/2025 17:14,24043.93,4/25/2025 17:18,24050.03,24128.08,-0.15%,128.96%
10055140,NDX100,Sell,4/25/2025 17:23,16512.0,4/25/2025 17:34,16579.36,16637.39,-0.25%,128.64%
10055140,NDX100,Buy,4/26/2025 14:56,24499.98,4/26/2025 14:58,24522.4,24436.57,0.39%,129.13%
10055140,NDX100,Buy,4/26/2025 15:40,17005.8,4/26/2025 16:06,16978.12,16946.28,-0.23%,128.84%
10055140,NDX100,Buy,4/26/2025 16:05,20650.94,4/26/2025 16:15,20639.21,20578.66,-0.14%,128.66%
10055140,NDX100,Sell,4/26/2025 18:41,16702.12,4/26/2025 18:53,16734.93,16760.58,-0.14%,128.48%
10055140,NDX100,Sell,4/27/2025 14:02,20566.12,4/27/2025 14:15,20575.42,20638.1,-0.18%,128.24%
10055140,NDX100,Sell,4/27/2025 15:23,24444.12,4/27/2025 15:36,24475.67,24561.33,-0.17%,128.02%
10055140,NDX100,Sell,4/27/2025 16:35,20988.55,4/27/2025 16:53,21024.86,21062.01,-0.26%,127.69%
10055140,NDX100,Buy,4/27/2025 17:39,17813.19,4/27/2025 17:51,17749.32,17687.2,-0.17%,127.47%
10055140,NDX100,Sell,4/28/2025 14:45,20392.55,4/28/2025 14:46,20365.63,20436.91,0.63%,128.28%
10055140,NDX100,Buy,4/28/2025 15:44,19494.56,4/28/2025 15:45,19494.23,19426.0,-0.12%,128.12%
10055140,NDX100,Buy,4/28/2025 15:46,19499.77,4/28/2025 15:48,19513.11,19444.81,0.31%,128.52%
10055140,NDX100,Buy,4/28/2025 15:49,19501.89,4/28/2025 15:49,19510.22,19441.93,0.46%,129.11%
10055140,NDX100,Sell,4/28/2025 15:49,19459.47,4/28/2025 15:50,19499.16,19567.41,-0.14%,128.93%
10055140,NDX100,Sell,4/28/2025 15:51,20793.35,4/28/2025 15:52,20826.59,20866.13,-0.23%,128.63%
10055140,NDX100,Buy,4/28/2025 15:39,18870.32,4/28/2025 15:54,18800.83,18735.03,-0.09%,128.52%
10055140,NDX100,Sell,4/28/2025 15:55,19437.34,4/28/2025 15:55,19423.77,19491.75,0.45%,129.09%
10055140,NDX100,Sell,4/28/2025 15:55,19415.41,4/28/2025 15:57,19394.41,19483.36,0.54%,129.79%
10055140,NDX100,Sell,4/28/2025 15:28,18916.59,4/28/2025 15:57,18955.3,18982.8,-0.20%,129.53%
10055140,NDX100,Sell,4/28/2025 15:58,19352.75,4/28/2025 15:59,19378.66,19446.49,-0.08%,129.43%
10055140,NDX100,Sell,4/28/2025 16:05,19405.23,4/28/2025 16:05,19398.04,19465.93,0.57%,130.17%
10055140,NDX100,Buy,4/28/2025 16:05,19404.61,4/28/2025 16:06,19385.82,19336.69,-0.17%,129.94%
10055140,NDX100,Buy,4/28/2025 16:18,19411.47,4/28/2025 16:23,19381.08,19343.53,-0.25%,129.62%
10055140,NDX100,Buy,4/28/2025 16:24,19422.54,4/28/2025 16:26,19396.08,19354.56,-0.18%,129.38%
10055140,NDX100,Sell,4/28/2025 16:27,19391.13,4/28/2025 16:34,19389.14,19457.0,0.29%,129.76%
10055140,NDX100,Buy,4/28/2025 16:35,19388.11,4/28/2025 16:41,19390.71,19322.84,0.49%,130.40%
10055140,NDX100,Buy,4/28/2025 16:43,19393.28,4/28/2025 16:52,19416.23,19348.27,0.60%,131.19%
10055140,NDX100,Sell,4/29/2025 14:18,18017.07,4/29/2025 14:21,18077.98,18141.25,-0.25%,130.87%
10055140,NDX100,Buy,4/29/2025 14:23,22157.35,4/29/2025 14:35,22132.67,22055.21,-0.17%,130.64%
10055140,NDX100,Buy,4/29/2025 16:07,18764.5,4/29/2025 16:08,18796.45,18730.66,0.46%,131.25%
10055140,NDX100,Buy,4/29/2025 17:36,17660.82,4/29/2025 17:37,17692.47,17630.55,0.43%,131.81%
10055140,NDX100,Sell,4/29/2025 18:40,18277.88,4/29/2025 18:50,18203.86,18341.85,0.54%,132.53%
10055140,NDX100,Buy,4/30/2025 15:22,23708.96,4/30/2025 15:25,23716.59,23633.58,0.62%,133.34%
10055140,NDX100,Sell,4/30/2025 15:39,24698.95,4/30/2025 15:44,24679.56,24765.94,0.54%,134.06%
10055140,NDX100,Sell,4/30/2025 16:49,19452.74,4/30/2025 16:55,19404.56,19520.82,0.45%,134.66%
10055140,NDX100,Sell,4/30/2025 17:14,23260.33,4/30/2025 17:15,23220.37,23341.74,0.63%,135.51%
10055140,NDX100,Sell,5/1/2025 15:34,19841.57,5/1/2025 15:36,19854.44,19911.02,-0.22%,135.22%
10055140,NDX100,Sell,5/1/2025 15:38,19878.31,5/1/2025 15:40,19830.32,19899.73,0.56%,135.97%
10055140,NDX100,Sell,5/1/2025 15:41,19794.7,5/1/2025 15:42,19812.17,19863.98,-0.14%,135.78%
10055140,NDX100,Sell,5/1/2025 16:11,19805.99,5/1/2025 16:15,19840.12,19875.31,-0.12%,135.62%
10055140,NDX100,Sell,5/1/2025 16:04,23699.56,5/1/2025 16:24,23730.18,23782.51,-0.11%,135.47%
10055140,NDX100,Buy,5/1/2025 16:24,19878.21,5/1/2025 16:32,19878.99,19809.41,0.35%,135.95%
10055140,NDX100,Buy,5/1/2025 16:35,19908.91,5/1/2025 16:43,19926.62,19839.23,0.51%,136.64%
10055140,NDX100,Sell,5/1/2025 16:44,19921.62,5/1/2025 16:45,19932.93,19991.35,-0.20%,136.37%
10055140,NDX100,Sell,5/1/2025 16:51,19951.53,5/1/2025 16:52,19943.04,20012.84,0.52%,137.08%
10055140,NDX100,Sell,5/1/2025 16:52,19946.01,5/1/2025 16:54,19941.14,20010.93,0.63%,137.95%
10055140,NDX100,Buy,5/1/2025 16:54,19983.12,5/1/2025 17:08,19945.76,19875.95,-0.15%,137.74%
10055140,NDX100,Buy,5/1/2025 17:10,19998.01,5/1/2025 17:20,19983.69,19913.75,-0.28%,137.36%
10055140,NDX100,Sell,5/1/2025 17:20,19999.75,5/1/2025 17:20,20007.33,20069.75,-0.18%,137.10%
10055140,NDX100,Sell,5/1/2025 17:21,20001.65,5/1/2025 17:21,20006.72,20071.66,-0.14%,136.91%
10055140,NDX100,Buy,5/1/2025 17:21,20000.9,5/1/2025 17:21,20011.12,19941.08,0.60%,137.73%
10055140,NDX100,Sell,5/1/2025 17:23,19992.07,5/1/2025 17:28,19991.81,20061.78,0.52%,138.46%
10055140,NDX100,Sell,5/1/2025 17:28,19980.34,5/1/2025 17:29,19988.0,20050.27,-0.11%,138.31%
10055140,NDX100,Buy,5/1/2025 17:20,24799.26,5/1/2025 17:35,24774.8,24712.46,-0.28%,137.92%
10055140,NDX100,Sell,5/1/2025 17:29,19982.4,5/1/2025 17:44,19934.6,20052.34,0.63%,138.80%
10055140,NDX100,Sell,5/1/2025 17:44,19934.68,5/1/2025 17:52,19910.33,20004.45,0.56%,139.57%
10055140,NDX100,Sell,5/1/2025 18:03,19870.11,5/1/2025 18:04,19869.44,19938.98,0.51%,140.28%
10055140,NDX100,Sell,5/1/2025 18:05,19885.24,5/1/2025 18:07,19866.76,19936.29,0.62%,141.14%
10055140,NDX100,Sell,5/1/2025 18:06,19866.52,5/1/2025 18:07,19885.24,19936.05,-0.09%,141.01%
10055140,NDX100,Sell,5/1/2025 18:09,19847.32,5/1/2025 18:15,19892.74,19962.36,-0.26%,140.64%
10055140,NDX100,Buy,5/2/2025 14:49,24422.62,5/2/2025 14:50,24411.18,24325.74,-0.11%,140.49%
10055140,NDX100,Buy,5/2/2025 15:46,17213.87,5/2/2025 15:47,17176.7,17116.58,-0.12%,140.32%
10055140,NDX100,Buy,5/2/2025 16:03,20038.46,5/2/2025 16:03,20038.02,19967.89,-0.23%,139.99%
10055140,NDX100,Buy,5/2/2025 16:05,20028.72,5/2/2025 16:06,20043.15,19973.0,0.56%,140.77%
10055140,NDX100,Sell,5/2/2025 15:52,24455.04,5/2/2025 16:06,24416.15,24501.61,0.49%,141.47%
10055140,NDX100,Buy,5/2/2025 16:06,20052.9,5/2/2025 16:10,20037.37,19967.24,-0.25%,141.12%
10055140,NDX100,Sell,5/2/2025 16:19,17739.57,5/2/2025 16:20,17769.87,17832.06,-0.12%,140.94%
10055140,NDX100,Buy,5/2/2025 16:37,24568.25,5/2/2025 16:44,24522.18,24436.35,-0.25%,140.60%
10055140,NDX100,Buy,5/2/2025 18:05,20089.4,5/2/2025 18:06,20079.8,20019.09,-0.15%,140.38%
10055140,NDX100,Sell,5/3/2025 15:48,20049.68,5/3/2025 15:53,20024.61,20094.7,0.43%,140.99%
10055140,NDX100,Sell,5/3/2025 16:09,21687.63,5/3/2025 16:10,21749.19,21825.31,-0.23%,140.66%
10055140,NDX100,Sell,5/3/2025 16:49,20032.78,5/3/2025 16:50,20068.98,20102.89,-0.17%,140.42%
10055140,NDX100,Sell,5/4/2025 15:09,21763.61,5/4/2025 15:21,21788.25,21839.78,-0.18%,140.16%
10055140,NDX100,Sell,5/4/2025 16:53,24485.78,5/4/2025 16:54,24478.67,24564.35,0.35%,140.66%
10055140,NDX100,Buy,5/4/2025 17:40,17466.13,5/4/2025 17:41,17443.03,17405.0,-0.08%,140.55%
10055140,NDX100,Sell,5/5/2025 14:27,23365.29,5/5/2025 14:48,23329.21,23410.86,0.31%,140.98%
10055140,NDX100,Sell,5/5/2025 15:04,21805.24,5/5/2025 15:14,21783.45,21859.69,0.28%,141.37%
10055140,NDX100,Buy,5/5/2025 15:11,19783.09,5/5/2025 15:25,19772.27,19713.85,-0.18%,141.11%
10055140,NDX100,Buy,5/5/2025 15:25,19910.07,5/5/2025 15:26,19910.24,19840.38,0.59%,141.94%
10055140,NDX100,Buy,5/5/2025 15:30,19919.87,5/5/2025 15:31,19920.11,19850.15,0.52%,142.68%
10055140,NDX100,Sell,5/5/2025 15:31,19914.7,5/5/2025 15:31,19914.87,19984.4,-0.12%,142.51%
10055140,NDX100,Buy,5/5/2025 15:32,19949.07,5/5/2025 15:35,19929.62,19859.87,-0.18%,142.25%
10055140,NDX100,Buy,5/5/2025 15:47,19952.69,5/5/2025 15:49,19952.02,19882.19,-0.14%,142.05%
10055140,NDX100,Sell,5/5/2025 15:49,23094.95,5/5/2025 15:50,23043.23,23175.78,0.40%,142.62%
10055140,NDX100,Buy,5/5/2025 15:50,19931.82,5/5/2025 15:51,19945.52,19875.71,0.37%,143.14%
10055140,NDX100,Buy,5/5/2025 15:51,19923.72,5/5/2025 15:52,19934.0,19864.23,0.46%,143.81%
10055140,NDX100,Buy,5/5/2025 15:52,19935.22,5/5/2025 15:52,19935.05,19865.28,-0.28%,143.41%
10055140,NDX100,Buy,5/5/2025 15:53,19988.62,5/5/2025 16:00,19937.77,19867.99,-0.26%,143.03%
10055140,NDX100,Buy,5/5/2025 16:06,19963.72,5/5/2025 16:12,19963.9,19894.03,0.56%,143.83%
10055140,NDX100,Sell,5/5/2025 16:12,22830.48,5/5/2025 16:13,22872.37,22952.42,-0.25%,143.47%
10055140,NDX100,Buy,5/5/2025 16:13,19963.52,5/5/2025 16:23,19963.87,19893.65,0.56%,144.27%
10055140,NDX100,Buy,5/5/2025 16:24,19938.68,5/5/2025 16:33,19962.95,19893.08,0.57%,145.09%
10055140,NDX100,Buy,5/5/2025 16:35,19933.67,5/5/2025 16:54,20007.95,19863.9,0.43%,145.72%
10055140,NDX100,Buy,5/5/2025 16:53,24074.83,5/5/2025 17:02,24059.1,23990.57,-0.14%,145.52%
10055140,NDX100,Buy,5/6/2025 08:38,19872.67,5/6/2025 08:40,19862.62,19803.12,-0.12%,145.34%
10055140,NDX100,Sell,5/6/2025 08:40,19859.75,5/6/2025 08:48,19868.4,19929.26,-0.11%,145.18%
10055140,NDX100,Sell,5/6/2025 08:49,19867.42,5/6/2025 09:00,19878.12,19936.96,-0.25%,144.82%
10055140,NDX100,Buy,5/6/2025 09:02,19878.45,5/6/2025 09:08,19865.36,19808.88,-0.25%,144.47%
10055140,NDX100,Buy,5/6/2025 09:10,19868.37,5/6/2025 09:12,19856.72,19798.83,-0.20%,144.18%
10055140,NDX100,Buy,5/6/2025 09:14,19862.02,5/6/2025 09:15,19857.27,19792.5,-0.18%,143.91%
10055140,NDX100,Sell,5/6/2025 14:38,22147.39,5/6/2025 14:42,22168.29,22224.91,-0.22%,143.60%
10055140,NDX100,Sell,5/6/2025 14:50,18937.7,5/6/2025 15:06,18886.24,19003.98,0.28%,144.00%
10055140,NDX100,Sell,5/6/2025 16:51,22456.25,5/6/2025 17:03,22413.95,22534.85,0.48%,144.69%
10055140,NDX100,Sell,5/6/2025 17:51,16810.89,5/6/2025 17:52,16833.23,16869.73,-0.08%,144.58%
10055140,NDX100,Sell,5/7/2025 15:46,19828.72,5/7/2025 15:48,19849.79,19898.12,-0.20%,144.29%
10055140,NDX100,Sell,5/7/2025 15:49,19812.15,5/7/2025 15:50,19811.7,19881.49,0.48%,144.98%
10055140,NDX100,Sell,5/7/2025 15:50,19807.2,5/7/2025 15:51,19807.4,19876.73,-0.20%,144.69%
10055140,NDX100,Sell,5/7/2025 15:51,19806.15,5/7/2025 15:52,19804.65,19873.97,0.45%,145.33%
10055140,NDX100,Sell,5/7/2025 15:54,19810.1,5/7/2025 15:54,19812.4,19879.44,-0.11%,145.18%
10055140,NDX100,Sell,5/7/2025 16:05,19835.78,5/7/2025 16:07,19861.17,19905.21,-0.22%,144.86%
10055140,NDX100,Sell,5/7/2025 16:04,19863.53,5/7/2025 16:07,19845.17,19914.63,0.52%,145.62%
10055140,NDX100,Sell,5/7/2025 16:12,19856.79,5/7/2025 16:13,19866.43,19926.29,-0.18%,145.35%
10055140,NDX100,Sell,5/7/2025 16:29,20676.33,5/7/2025 16:38,20638.94,20748.7,0.48%,146.05%
10055140,NDX100,Sell,5/7/2025 16:51,17801.13,5/7/2025 17:01,17853.76,17916.25,-0.09%,145.91%
10055140,NDX100,Buy,5/7/2025 17:27,22215.67,5/7/2025 17:28,22193.0,22137.92,-0.26%,145.53%
10055140,NDX100,Buy,5/8/2025 14:18,20126.97,5/8/2025 14:19,20127.25,20056.53,0.59%,146.38%
10055140,NDX100,Buy,5/8/2025 14:19,20131.37,5/8/2025 14:35,20131.47,20061.01,0.39%,146.95%
10055140,NDX100,Sell,5/8/2025 15:36,20087.75,5/8/2025 15:37,20113.62,20184.02,-0.15%,146.72%
10055140,NDX100,Sell,5/8/2025 15:50,20109.12,5/8/2025 15:38,20029.1,20179.5,0.57%,147.56%
10055140,NDX100,Sell,5/8/2025 15:38,20092.33,5/8/2025 15:39,20078.75,20149.03,0.52%,148.33%
10055140,NDX100,Sell,5/8/2025 15:39,20053.66,5/8/2025 15:40,20075.87,20146.14,-0.20%,148.03%
10055140,NDX100,Sell,5/8/2025 15:41,20077.37,5/8/2025 15:42,20077.53,20147.64,-0.11%,147.87%
10055140,NDX100,Sell,5/8/2025 15:42,20072.23,5/8/2025 15:43,20073.87,20144.13,-0.26%,147.49%
10055140,NDX100,Sell,5/8/2025 15:44,20071.37,5/8/2025 15:44,20056.75,20126.95,0.51%,148.24%
10055140,NDX100,Sell,5/8/2025 15:44,20083.75,5/8/2025 15:45,20068.25,20138.49,0.42%,148.86%
10055140,NDX100,Sell,5/8/2025 16:44,19989.69,5/8/2025 16:44,19962.56,20032.43,0.48%,149.57%
10055140,NDX100,Buy,5/8/2025 16:44,19978.05,5/8/2025 16:45,19993.63,19923.65,0.59%,150.44%
10055140,NDX100,Sell,5/8/2025 16:46,19979.9,5/8/2025 16:46,19968.52,20038.41,0.57%,151.30%
10055140,NDX100,Buy,5/8/2025 16:48,19956.0,5/8/2025 16:49,19976.54,19906.62,0.51%,152.07%
10055140,NDX100,Sell,5/8/2025 16:50,19966.95,5/8/2025 16:51,19985.56,20036.83,-0.22%,151.74%
10055140,NDX100,Buy,5/8/2025 16:51,19975.31,5/8/2025 16:53,19991.49,19921.52,0.37%,152.30%
10055140,NDX100,Sell,5/8/2025 16:54,19927.65,5/8/2025 16:54,19941.49,19997.4,-0.18%,152.02%
10055140,NDX100,Sell,5/8/2025 16:54,19927.59,5/8/2025 16:54,19928.08,19997.83,-0.23%,151.67%
10055140,NDX100,Sell,5/8/2025 16:55,19998.33,5/8/2025 16:55,19984.15,20054.09,0.39%,152.26%
10292875,NDX100,Sell,6/6/2025 14:55,21723.5,6/6/2025 14:55,21722.68,21799.53,0.63%,153.22%
10292875,XAUUSD,Sell,6/6/2025 16:41,4200.91,6/6/2025 17:20,4217.89,4232.65,-0.26%,152.82%
10292875,NDX100,Sell,6/6/2025 18:07,19936.52,6/6/2025 18:17,19956.56,20006.3,-0.11%,152.65%
10292875,NDX100,Sell,6/7/2025 14:21,17672.24,6/7/2025 14:31,17635.87,17697.6,0.42%,153.29%
10292875,DJ30,Buy,6/7/2025 19:05,44172.85,6/7/2025 19:31,44214.93,44060.18,0.42%,153.93%
10292875,XAUUSD,Buy,6/8/2025 15:19,4602.27,6/8/2025 15:52,4619.33,4586.16,0.40%,154.54%
10292875,NDX100,Sell,6/9/2025 15:35,21746.38,6/9/2025 15:36,21746.5,21822.49,-0.26%,154.14%
10292875,DJ30,Sell,6/9/2025 15:42,42678.9,6/9/2025 15:46,42723.0,42828.28,-0.18%,153.85%
10292875,DJ30,Sell,6/9/2025 15:50,42671.5,6/9/2025 15:50,42683.9,42820.85,-0.25%,153.48%
10292875,XAUUSD,Sell,6/9/2025 15:20,3843.99,6/9/2025 16:14,3865.63,3879.16,-0.18%,153.19%
10292875,DJ30,Sell,6/9/2025 15:50,42671.5,6/9/2025 16:21,42671.4,42820.85,0.39%,153.78%
10292875,DJ30,Buy,6/9/2025 16:33,42678.1,6/9/2025 16:37,42624.6,42528.73,-0.09%,153.64%
10292875,DJ30,Buy,6/10/2025 16:39,48054.53,6/10/2025 16:40,47992.03,47824.06,-0.09%,153.50%
10292875,DJ30,Sell,6/10/2025 15:36,42811.49,6/10/2025 16:43,42750.6,42900.23,0.45%,154.18%
10292875,XAUUSD,Sell,6/10/2025 16:20,4032.47,6/10/2025 17:08,4046.27,4060.43,-0.15%,153.95%
10292875,DJ30,Sell,6/10/2025 16:55,41156.52,6/10/2025 17:20,41241.74,41386.09,-0.09%,153.80%
10292875,DJ30,Buy,6/10/2025 17:04,42812.54,6/10/2025 17:32,42771.93,42662.7,-0.22%,153.47%
10292875,XAUUSD,Sell,6/11/2025 15:24,3328.57,6/11/2025 15:45,3340.27,3351.96,-0.26%,153.07%
10292875,XAUUSD,Sell,6/11/2025 15:24,3330.43,6/11/2025 15:45,3340.54,3352.23,-0.23%,152.72%
10292875,DJ30,Sell,6/11/2025 15:15,42914.3,6/11/2025 15:52,42915.1,43065.3,-0.25%,152.34%
10292875,XAUUSD,Sell,6/11/2025 14:57,4143.07,6/11/2025 15:54,4136.15,4150.63,0.52%,153.14%
10292875,DJ30,Buy,6/11/2025 15:57,42946.1,6/11/2025 15:58,42941.86,42791.56,-0.20%,152.83%
10292875,DJ30,Buy,6/11/2025 16:00,43016.7,6/11/2025 16:27,42943.0,42792.7,-0.20%,152.53%
10292875,DJ30,Buy,6/11/2025 16:04,43013.73,6/11/2025 16:28,42918.45,42768.24,-0.12%,152.34%
10292875,DJ30,Buy,6/12/2025 14:49,45984.04,6/12/2025 15:08,45880.04,45719.46,-0.23%,151.99%
10292875,NDX100,Buy,6/12/2025 15:48,18642.39,6/12/2025 15:57,18625.18,18577.14,-0.11%,151.82%
10292875,DJ30,Sell,6/12/2025 16:34,48378.09,6/12/2025 16:35,48246.08,48547.41,0.51%,152.60%
10292875,DJ30,Buy,6/12/2025 19:34,45712.02,6/12/2025 19:37,45784.49,45624.24,0.43%,153.25%
10292875,DJ30,Buy,6/14/2025 15:08,49844.14,6/14/2025 15:10,49881.55,49706.96,0.59%,154.15%
10292875,XAUUSD,Sell,6/14/2025 15:49,4710.46,6/14/2025 16:20,4726.64,4743.18,-0.22%,153.82%
10292875,XAUUSD,Sell,6/14/2025 15:43,4533.03,6/14/2025 16:43,4536.02,4548.9,-0.11%,153.65%
10292875,XAUUSD,Sell,6/14/2025 17:34,4034.63,6/14/2025 17:40,4037.66,4051.79,-0.09%,153.51%
10292875,NDX100,Sell,6/15/2025 16:06,24589.49,6/15/2025 16:11,24628.74,24675.55,-0.17%,153.25%
10292875,XAUUSD,Buy,6/16/2025 15:27,3414.37,6/16/2025 15:31,3414.26,3402.31,-0.14%,153.04%
10292875,DJ30,Buy,6/16/2025 15:42,42485.4,6/16/2025 15:49,42565.85,42336.7,0.63%,154.01%
10292875,XAUUSD,Sell,6/16/2025 16:45,4099.9,6/16/2025 17:09,4108.27,4114.25,-0.12%,153.82%
10292875,NDX100,Sell,6/16/2025 17:59,24206.81,6/16/2025 18:11,24246.71,24291.53,-0.12%,153.63%
10292875,XAUUSD,Buy,6/17/2025 15:07,4334.21,6/17/2025 15:23,4341.82,4326.62,0.60%,154.55%
10292875,XAUUSD,Buy,6/17/2025 15:26,3391.63,6/17/2025 15:37,3395.21,3383.33,0.62%,155.51%
10292875,XAUUSD,Sell,6/17/2025 15:34,3676.22,6/17/2025 16:02,3681.08,3693.96,-0.12%,155.31%
10292875,DJ30,Buy,6/17/2025 15:45,42420.12,6/17/2025 16:54,42386.5,42238.15,-0.08%,155.19%
10292875,NDX100,Sell,6/17/2025 16:56,21880.99,6/17/2025 17:11,21853.05,21929.54,0.39%,155.79%
10292875,XAUUSD,Sell,6/17/2025 22:18,3388.76,6/17/2025 22:47,3384.72,3396.57,0.51%,156.59%
10292875,DJ30,Buy,6/18/2025 15:47,42318.1,6/18/2025 15:53,42252.5,42104.62,-0.14%,156.37%
10292875,DJ30,Buy,6/18/2025 15:47,42251.8,6/18/2025 15:53,42317.97,42103.92,0.42%,157.02%
10292875,XAUUSD,Sell,6/18/2025 15:44,3379.06,6/18/2025 16:20,3392.41,3404.28,-0.20%,156.70%
10292875,XAUUSD,Sell,6/18/2025 15:45,3392.81,6/18/2025 16:20,3378.98,3404.68,0.34%,157.24%
10292875,DJ30,Sell,6/18/2025 16:30,48858.25,6/18/2025 16:49,48920.29,49029.25,-0.09%,157.09%
10292875,XAUUSD,Sell,6/18/2025 17:45,4562.43,6/18/2025 18:10,4555.06,4571.0,0.40%,157.72%
10292875,DJ30,Sell,6/19/2025 15:09,42915.69,6/19/2025 15:16,42962.31,43065.89,-0.18%,157.43%
10292875,XAUUSD,Sell,6/19/2025 15:23,3411.99,6/19/2025 15:52,3416.1,3423.93,-0.09%,157.28%
10292875,DJ30,Sell,6/20/2025 15:15,49542.69,6/20/2025 15:24,49463.9,49637.02,0.34%,157.82%
10292875,DJ30,Buy,6/21/2025 17:30,45411.73,6/21/2025 17:37,45371.1,45212.3,-0.09%,157.67%
10292875,DJ30,Buy,6/23/2025 15:51,42390.01,6/23/2025 16:05,42290.0,42141.99,-0.25%,157.28%
10292875,XAUUSD,Sell,6/23/2025 16:05,3374.67,6/23/2025 16:07,3375.24,3386.48,-0.28%,156.85%
10292875,XAUUSD,Sell,6/23/2025 16:27,3383.49,6/23/2025 16:40,3378.22,3390.04,0.40%,157.48%
10292875,XAUUSD,Sell,6/23/2025 16:11,3383.44,6/23/2025 16:40,3374.11,3385.92,0.42%,158.13%
10292875,XAUUSD,Sell,6/23/2025 19:48,3386.28,6/23/2025 20:14,3381.93,3393.77,0.62%,159.11%
10292875,DJ30,Buy,6/24/2025 15:33,42907.5,6/24/2025 15:49,42908.5,42757.32,0.60%,160.06%
10292875,NDX100,Buy,6/24/2025 15:49,22095.53,6/24/2025 15:50,22077.85,22018.2,-0.12%,159.87%
10292875,NDX100,Buy,6/24/2025 15:50,22066.35,6/24/2025 15:59,22088.03,22010.72,0.43%,160.56%
10292875,NDX100,Sell,6/24/2025 16:10,22091.32,6/24/2025 16:17,22064.48,22141.71,0.48%,161.32%
10292875,XAUUSD,Sell,6/24/2025 17:05,3818.38,6/24/2025 17:12,3839.24,3852.68,-0.23%,160.95%
10292875,DJ30,Sell,6/25/2025 16:05,49818.46,6/25/2025 16:13,49862.93,49992.82,-0.11%,160.78%
10292875,NDX100,Sell,6/25/2025 18:12,21248.85,6/25/2025 18:17,21229.96,21323.22,0.42%,161.45%
10292875,NDX100,Sell,6/26/2025 15:33,22314.7,6/26/2025 15:58,22252.71,22392.8,0.39%,162.07%
10292875,XAUUSD,Buy,6/26/2025 16:05,3322.16,6/26/2025 16:28,3315.54,3310.53,-0.15%,161.82%
10292875,XAUUSD,Sell,6/27/2025 17:51,4362.53,6/27/2025 18:26,4369.55,4384.84,-0.25%,161.42%
10292875,DJ30,Buy,6/28/2025 15:25,50003.19,6/28/2025 15:26,49897.23,49722.59,-0.22%,161.07%
10292875,XAUUSD,Sell,6/30/2025 15:39,3277.85,6/30/2025 15:45,3284.34,3289.32,-0.09%,160.92%
10292875,DJ30,Sell,6/30/2025 15:42,43977.2,6/30/2025 15:45,44017.3,44131.12,-0.26%,160.50%
10292875,NDX100,Sell,6/30/2025 15:47,22591.33,6/30/2025 15:48,22608.75,22670.4,-0.25%,160.11%
10463734,NDX100,Sell,7/28/2025 18:12,23338.09,7/28/2025 18:12,23337.79,23419.77,0.35%,160.67%
10463734,DJ30,Sell,7/29/2025 15:43,44816.02,7/29/2025 15:43,44811.7,44972.88,0.37%,161.27%
10463734,DJ30,Buy,7/29/2025 16:02,44815.3,7/29/2025 16:03,44811.2,44654.36,-0.20%,160.95%
10463734,DJ30,Buy,7/29/2025 16:07,44773.46,7/29/2025 16:33,44817.2,44660.34,0.37%,161.54%
10463734,DJ30,Buy,7/29/2025 16:08,44772.23,7/29/2025 16:33,44810.2,44653.36,0.40%,162.19%
10463734,NDX100,Buy,7/29/2025 16:35,23424.3,7/29/2025 16:36,23424.39,23342.31,0.37%,162.79%
10463734,NDX100,Buy,7/29/2025 16:37,23421.25,7/29/2025 16:51,23405.44,23339.28,-0.23%,162.41%
10463734,NDX100,Sell,7/29/2025 17:05,23335.98,7/29/2025 17:28,23377.94,23459.76,-0.15%,162.16%
10463734,NDX100,Sell,7/29/2025 17:29,23323.36,7/29/2025 17:29,23322.87,23404.99,0.40%,162.81%
10463734,NDX100,Sell,7/29/2025 17:29,23321.57,7/29/2025 17:31,23319.74,23403.2,0.42%,163.49%
10463734,DJ30,Sell,7/29/2025 19:29,43210.57,7/29/2025 19:30,43152.06,43303.09,0.56%,164.40%
10463734,NDX100,Sell,7/30/2025 15:35,20424.42,7/30/2025 15:36,20452.07,20495.91,-0.26%,163.97%
10463734,DJ30,Buy,7/30/2025 15:34,44665.95,7/30/2025 15:48,44611.05,44509.62,-0.25%,163.56%
10463734,NDX100,Buy,7/30/2025 15:36,23362.27,7/30/2025 15:52,23337.35,23280.5,-0.11%,163.39%
10463734,NDX100,Buy,7/30/2025 15:36,23363.88,7/30/2025 15:52,23340.33,23282.11,-0.18%,163.08%
10463734,NDX100,Sell,7/30/2025 15:52,23353.88,7/30/2025 15:55,23348.98,23430.7,0.57%,164.02%
10463734,DJ30,Sell,7/30/2025 16:51,43523.51,7/30/2025 17:02,43561.35,43675.84,-0.25%,163.61%
10463734,NDX100,Buy,7/30/2025 15:55,23349.25,7/30/2025 17:11,23350.05,23268.32,0.48%,164.39%
10463734,NDX100,Sell,7/30/2025 17:41,23680.97,7/30/2025 17:50,23665.68,23763.85,0.59%,165.36%
10463734,NDX100,Buy,7/30/2025 17:12,23353.28,7/30/2025 19:14,23395.6,23271.54,0.40%,166.02%
10463734,DJ30,Buy,7/30/2025 19:55,45916.63,7/30/2025 20:04,45860.19,45755.92,-0.12%,165.81%
10463734,NDX100,Sell,7/31/2025 00:07,23583.4,7/31/2025 00:32,23565.58,23648.06,0.51%,166.66%
10463734,DJ30,Buy,7/31/2025 15:24,45940.51,7/31/2025 15:29,46016.67,45855.61,0.42%,167.35%
10463734,DJ30,Buy,7/31/2025 15:16,46969.41,7/31/2025 15:38,47072.45,46805.02,0.65%,168.44%
10463734,DJ30,Sell,7/31/2025 15:56,48299.6,7/31/2025 16:06,48232.37,48468.65,0.42%,169.14%
10463734,DJ30,Buy,7/31/2025 18:16,44469.7,7/31/2025 18:47,44469.17,44314.06,-0.18%,168.82%
10463734,DJ30,Buy,7/31/2025 18:48,44472.59,7/31/2025 18:53,44472.37,44316.94,-0.15%,168.56%
10463734,DJ30,Buy,7/31/2025 18:54,44488.93,7/31/2025 19:02,44488.6,44332.89,-0.22%,168.20%
10463734,DJ30,Sell,8/1/2025 15:17,45509.35,8/1/2025 15:18,45525.65,45668.63,-0.11%,168.02%
10463734,DJ30,Sell,8/1/2025 16:31,49762.32,8/1/2025 16:48,49894.65,50069.28,-0.15%,167.76%
10463734,NDX100,Buy,8/1/2025 16:33,23451.98,8/1/2025 16:55,23483.69,23401.5,0.49%,168.59%
10463734,NDX100,Sell,8/2/2025 14:02,20172.36,8/2/2025 14:05,20201.21,20242.96,-0.17%,168.30%
10463734,DJ30,Sell,8/2/2025 16:24,44870.16,8/2/2025 16:43,44968.9,45126.29,-0.08%,168.17%
10463734,NDX100,Sell,8/2/2025 18:44,23892.91,8/2/2025 18:45,23933.29,24017.06,-0.08%,168.04%
10463734,NDX100,Sell,8/4/2025 14:42,18736.89,8/4/2025 14:43,18711.96,18777.45,0.59%,169.03%
10463734,NDX100,Buy,8/4/2025 15:32,23025.15,8/4/2025 15:35,22998.5,22918.01,-0.18%,168.72%
10463734,NDX100,Buy,8/4/2025 16:28,23133.84,8/4/2025 16:36,23134.7,23052.87,0.43%,169.44%
10463734,NDX100,Sell,8/4/2025 16:51,20313.75,8/4/2025 17:01,20321.71,20384.85,-0.17%,169.16%
10463734,NDX100,Sell,8/5/2025 14:38,23089.49,8/5/2025 14:53,23054.12,23134.81,0.29%,169.65%
10463734,NDX100,Sell,8/5/2025 15:32,23205.54,8/5/2025 15:38,23242.95,23286.76,-0.26%,169.21%
10463734,NDX100,Buy,8/5/2025 15:43,23248.19,8/5/2025 15:50,23246.55,23165.19,-0.08%,169.08%
10463734,DJ30,Sell,8/5/2025 15:52,44078.94,8/5/2025 16:06,44197.3,44351.99,-0.25%,168.66%
10463734,NDX100,Sell,8/6/2025 17:47,19978.44,8/6/2025 17:54,19923.21,20048.36,0.62%,169.70%
10463734,DJ30,Sell,8/7/2025 16:04,47441.84,8/7/2025 16:05,47518.33,47684.64,-0.14%,169.47%
10463734,DJ30,Buy,8/7/2025 17:46,49873.2,8/7/2025 18:11,49787.49,49613.23,-0.09%,169.31%
10463734,NDX100,Sell,8/8/2025 14:00,24424.74,8/8/2025 14:21,24455.67,24541.26,-0.26%,168.87%
10463734,NDX100,Sell,8/8/2025 16:37,24213.26,8/8/2025 16:38,24242.78,24298.01,-0.22%,168.50%
10463734,NDX100,Sell,8/9/2025 16:03,21076.9,8/9/2025 16:08,21130.3,21204.26,-0.12%,168.30%
10463734,NDX100,Buy,8/9/2025 19:03,17198.87,8/9/2025 19:05,17184.98,17138.67,-0.28%,167.83%
10463734,DJ30,Buy,8/10/2025 14:15,41814.81,8/10/2025 14:25,41857.4,41710.9,0.32%,168.37%
10463734,NDX100,Buy,8/10/2025 15:39,20854.56,8/10/2025 15:40,20820.84,20781.57,-0.20%,168.04%
10463734,DJ30,Sell,8/10/2025 15:16,44208.75,8/10/2025 15:44,44332.07,44487.23,-0.25%,167.62%
10463734,DJ30,Sell,8/10/2025 15:32,48270.4,8/10/2025 15:47,48143.82,48439.35,0.34%,168.19%
10463734,NDX100,Sell,8/10/2025 17:03,18654.9,8/10/2025 17:17,18683.8,18720.19,-0.14%,167.96%
10463734,DJ30,Buy,8/11/2025 15:39,44289.08,8/11/2025 15:48,44240.2,44085.36,-0.26%,167.52%
10463734,NDX100,Buy,8/11/2025 15:48,23626.15,8/11/2025 15:56,23627.2,23543.46,0.63%,168.58%
10463734,NDX100,Buy,8/11/2025 15:57,23633.03,8/11/2025 15:57,23632.53,23549.82,-0.15%,168.32%
10463734,NDX100,Buy,8/11/2025 17:43,22808.32,8/11/2025 17:55,22797.56,22728.49,-0.26%,167.88%
10463734,NDX100,Sell,8/12/2025 15:31,16783.44,8/12/2025 15:36,16765.73,16824.41,0.48%,168.68%
10463734,DJ30,Buy,8/12/2025 16:38,41390.71,8/12/2025 16:39,41421.3,41276.33,0.62%,169.72%
10463734,DJ30,Sell,8/12/2025 16:30,44008.69,8/12/2025 16:47,43931.1,44084.86,0.40%,170.40%
10463734,NDX100,Buy,8/12/2025 18:05,23752.18,8/12/2025 18:05,23753.12,23669.05,0.42%,171.11%
10463734,DJ30,Sell,8/13/2025 14:34,46038.31,8/13/2025 14:49,46025.5,46186.59,0.60%,172.14%
10463734,DJ30,Buy,8/13/2025 16:34,44477.6,8/13/2025 17:00,44505.22,44349.45,0.57%,173.12%
10463734,NDX100,Buy,8/14/2025 15:34,24284.66,8/14/2025 15:39,24314.42,24199.66,0.56%,174.08%
10463734,NDX100,Sell,8/15/2025 14:35,24361.44,8/15/2025 14:36,24335.75,24420.93,0.46%,174.88%
10463734,NDX100,Buy,8/15/2025 15:14,22971.96,8/15/2025 15:15,22982.72,22902.28,0.54%,175.83%
10463734,NDX100,Buy,8/15/2025 15:06,17108.24,8/15/2025 15:16,17146.3,17086.29,0.54%,176.78%
10463734,NDX100,Buy,8/15/2025 16:25,24269.41,8/15/2025 16:31,24285.59,24200.59,0.54%,177.73%
10463734,DJ30,Buy,8/15/2025 16:36,43566.81,8/15/2025 16:48,43632.25,43479.54,0.43%,178.50%
10463734,DJ30,Sell,8/16/2025 14:05,46092.56,8/16/2025 14:19,46052.81,46213.99,0.49%,179.38%
10463734,DJ30,Sell,8/16/2025 15:26,42781.81,8/16/2025 15:31,42700.22,42931.55,0.49%,180.26%
10463734,NDX100,Sell,8/16/2025 15:57,23317.83,8/16/2025 16:09,23291.64,23373.16,0.57%,181.29%
10463734,NDX100,Sell,8/16/2025 16:22,21168.02,8/16/2025 16:34,21195.95,21242.11,-1.14%,179.23%
10463734,DJ30,Buy,8/16/2025 16:46,46819.75,8/16/2025 16:54,46774.39,46655.88,-1.21%,177.05%
10463734,NDX100,Sell,8/16/2025 19:41,23965.51,8/16/2025 19:55,23986.76,24049.39,-1.31%,174.74%
10463734,NDX100,Sell,8/17/2025 14:52,22063.21,8/17/2025 15:14,22095.2,22140.43,-1.34%,172.40%
10463734,DJ30,Sell,8/17/2025 15:21,46813.73,8/17/2025 15:22,46902.15,47066.31,-1.37%,170.05%
10463734,NDX100,Sell,8/17/2025 16:20,21229.56,8/17/2025 16:23,21289.55,21364.06,-1.43%,167.62%
10463734,NDX100,Buy,8/17/2025 16:48,19562.95,8/17/2025 17:04,19526.63,19458.29,-1.43%,165.22%
10463734,DJ30,Buy,8/18/2025 15:34,44941.9,8/18/2025 15:39,44923.6,44784.6,-1.70%,162.41%
10463734,DJ30,Buy,8/18/2025 15:34,44952.18,8/18/2025 15:39,44923.1,44794.85,-1.90%,159.31%
10463734,DJ30,Sell,8/18/2025 15:39,44918.1,8/18/2025 15:46,44990.5,45075.31,-1.89%,156.31%
10463734,DJ30,Sell,8/18/2025 15:39,44918.1,8/18/2025 15:46,44979.0,45075.31,-1.77%,153.55%
10463734,DJ30,Sell,8/18/2025 15:39,44924.6,8/18/2025 15:46,44978.5,45081.84,-1.86%,150.69%
10463734,DJ30,Buy,8/18/2025 15:46,44998.5,8/18/2025 15:46,44994.5,44841.01,-1.84%,147.92%
10463734,NDX100,Buy,8/18/2025 15:48,18239.07,8/18/2025 15:49,18216.28,18152.52,-1.93%,145.06%
10463734,NDX100,Buy,8/18/2025 15:47,23700.68,8/18/2025 15:51,23682.63,23617.73,-1.98%,142.18%
10463734,NDX100,Sell,8/18/2025 15:45,20240.95,8/18/2025 15:55,20253.94,20324.83,-1.90%,139.48%
10463734,NDX100,Buy,8/19/2025 16:01,23601.54,8/19/2025 16:16,23599.96,23517.36,-1.95%,136.76%
10463734,NDX100,Buy,8/19/2025 16:03,23608.61,8/19/2025 16:17,23608.02,23525.98,-1.86%,134.22%
10463734,NDX100,Buy,8/19/2025 16:27,23612.08,8/19/2025 16:27,23575.21,23529.44,-1.74%,131.89%
10463734,DJ30,Sell,8/19/2025 16:40,45002.01,8/19/2025 17:01,45144.73,45302.74,-1.83%,129.48%
10463734,DJ30,Buy,8/19/2025 16:45,46139.68,8/19/2025 17:01,46029.34,45868.24,-1.95%,126.95%
10463734,NDX100,Sell,8/19/2025 17:02,23475.94,8/19/2025 17:14,23442.66,23524.71,1.53%,128.90%
10463734,DJ30,Sell,8/19/2025 17:16,44993.7,8/19/2025 18:03,44924.21,45151.18,1.96%,131.43%
10463734,NDX100,Sell,8/19/2025 18:05,23467.46,8/19/2025 18:06,23465.96,23548.09,1.95%,133.98%
10463734,NDX100,Sell,8/19/2025 18:07,23459.47,8/19/2025 18:14,23437.84,23541.58,1.99%,136.66%
10463734,DJ30,Buy,8/20/2025 14:59,42836.01,8/20/2025 15:03,42942.23,42686.08,1.96%,139.34%
10463734,NDX100,Sell,8/20/2025 14:59,20406.64,8/20/2025 15:09,20390.88,20462.25,1.96%,142.07%
10463734,NDX100,Sell,8/20/2025 15:31,23307.8,8/20/2025 15:33,23306.2,23387.77,0.62%,142.95%
10463734,NDX100,Buy,8/20/2025 15:34,23299.44,8/20/2025 15:34,23322.04,23240.41,0.37%,143.48%
10463734,NDX100,Sell,8/20/2025 15:34,17900.06,8/20/2025 15:35,17840.4,17962.71,0.46%,144.14%
10463734,NDX100,Buy,8/20/2025 15:35,23280.38,8/20/2025 15:37,23308.18,23226.6,0.48%,144.83%
10463734,NDX100,Sell,8/20/2025 15:39,23291.58,8/20/2025 15:42,23293.3,23373.1,-0.25%,144.47%
10463734,DJ30,Sell,8/20/2025 15:41,44973.8,8/20/2025 15:42,44996.9,45131.21,-0.17%,144.23%
10463734,DJ30,Sell,8/20/2025 15:50,44967.3,8/20/2025 15:50,44963.5,45124.69,0.29%,144.65%
10463734,DJ30,Sell,8/20/2025 15:51,48270.51,8/20/2025 15:58,48383.28,48552.62,-0.23%,144.32%
10463734,DJ30,Sell,8/21/2025 15:30,44719.1,8/21/2025 15:32,44666.11,44875.62,0.62%,145.21%
10463734,DJ30,Sell,8/21/2025 15:33,44686.09,8/21/2025 15:37,44737.8,44894.38,-0.11%,145.05%
10463734,NDX100,Buy,8/21/2025 15:38,23149.14,8/21/2025 15:45,23199.93,23118.73,0.48%,145.75%
10463734,NDX100,Sell,8/21/2025 15:51,23097.91,8/21/2025 16:00,23175.65,23256.76,-0.14%,145.54%
10463734,NDX100,Buy,8/21/2025 16:17,23220.94,8/21/2025 16:18,23220.63,23139.36,-0.11%,145.39%
10463734,NDX100,Buy,8/21/2025 16:23,23211.98,8/21/2025 16:34,23241.43,23160.08,0.32%,145.86%
10463734,NDX100,Buy,8/21/2025 16:24,23242.93,8/21/2025 16:34,23211.98,23161.58,-0.18%,145.59%
10463734,DJ30,Sell,8/21/2025 16:34,44812.57,8/21/2025 16:55,44831.62,44988.53,-0.25%,145.23%
10463734,DJ30,Buy,8/21/2025 16:55,44826.38,8/21/2025 17:05,44811.63,44654.79,-0.25%,144.87%
10463734,DJ30,Sell,8/21/2025 17:05,44822.41,8/21/2025 17:07,44835.08,44979.29,-0.26%,144.49%
10463734,DJ30,Sell,8/21/2025 17:08,44884.14,8/21/2025 17:35,44814.52,44971.37,0.35%,145.00%
10463734,DJ30,Buy,8/21/2025 17:36,44883.53,8/21/2025 17:52,44825.46,44726.44,-0.26%,144.62%
10463734,DJ30,Sell,8/22/2025 15:57,45132.38,8/22/2025 16:00,45172.2,45290.34,-0.23%,144.29%
10463734,NDX100,Buy,8/22/2025 16:06,23668.85,8/22/2025 16:06,23436.05,23586.01,-0.20%,144.00%
11523342,DJ30,Sell,2/5/2026 12:57,49425.0,2/5/2026 13:01,49412.5,49585.44,0.51%,144.73%
11523342,DJ30,Buy,2/5/2026 13:17,49442.5,2/5/2026 13:17,49451.5,49269.45,0.60%,145.60%
11523342,NDX100,Buy,2/5/2026 15:06,24779.84,2/5/2026 15:10,24754.74,24668.1,-0.09%,145.47%
11523342,DJ30,Sell,2/5/2026 15:15,47876.2,2/5/2026 15:16,47934.18,48043.77,-0.14%,145.27%
11523342,GBPJPY,Sell,2/5/2026 15:58,207.79,2/5/2026 16:01,207.86,208.59,-0.17%,145.02%
11523342,NDX100,Buy,2/5/2026 16:02,23696.99,2/5/2026 16:13,23687.18,23604.27,-0.09%,144.89%
11523342,XAUUSD,Sell,2/5/2026 16:12,4516.47,2/5/2026 16:22,4520.48,4532.28,-0.25%,144.53%
11523342,XAUUSD,Buy,2/5/2026 15:49,4024.23,2/5/2026 16:43,4006.83,3992.81,-0.26%,144.15%
11523342,NDX100,Buy,2/5/2026 16:46,22253.0,2/5/2026 16:47,22317.96,22175.11,0.59%,145.00%
11523342,XAUUSD,Buy,2/5/2026 16:03,4926.2,2/5/2026 16:50,4916.59,4908.96,-0.15%,144.77%
11523342,DJ30,Sell,2/5/2026 16:46,47284.24,2/5/2026 17:01,47329.07,47494.72,-0.23%,144.44%
11523342,DJ30,Sell,2/5/2026 16:39,46823.43,2/5/2026 17:05,46893.18,47057.31,-0.20%,144.15%
11523342,GBPJPY,Sell,2/5/2026 17:06,205.0,2/5/2026 17:10,205.08,205.72,-0.22%,143.84%
11523342,XAUUSD,Buy,2/5/2026 17:10,3385.12,2/5/2026 17:31,3378.74,3373.27,-0.18%,143.57%
11523342,GBPJPY,Sell,2/5/2026 17:35,206.81,2/5/2026 17:51,206.87,207.53,-0.18%,143.31%
11523342,DJ30,Buy,2/5/2026 17:51,48180.79,2/5/2026 17:52,48129.53,48012.16,-0.20%,143.02%
11523342,NDX100,Sell,2/5/2026 17:26,23758.45,2/5/2026 17:54,23768.76,23841.6,-0.12%,142.85%
11523342,XAUUSD,Buy,2/5/2026 17:36,3956.4,2/5/2026 18:02,3942.88,3929.08,-0.11%,142.69%
11523342,XAUUSD,Buy,2/5/2026 18:17,3365.04,2/5/2026 19:04,3349.18,3337.46,-0.17%,142.45%
11523342,NDX100,Buy,2/5/2026 19:33,20775.84,2/5/2026 19:34,20839.13,20703.12,0.45%,143.09%
11523342,DJ30,Sell,2/6/2026 14:06,43765.71,2/6/2026 14:11,43637.82,43918.89,0.39%,143.64%
11523342,DJ30,Buy,2/6/2026 14:27,42885.63,2/6/2026 14:39,42944.45,42794.14,0.56%,144.44%
11523342,DJ30,Buy,2/6/2026 14:31,49016.51,2/6/2026 14:40,48998.55,48827.06,-0.08%,144.32%
11523342,DJ30,Sell,2/6/2026 15:07,45720.62,2/6/2026 15:16,45814.45,45974.8,-0.23%,143.99%
11523342,DJ30,Sell,2/6/2026 15:18,44052.57,2/6/2026 15:19,44139.0,44293.49,-0.14%,143.79%
11523342,DJ30,Buy,2/6/2026 15:29,43270.48,2/6/2026 15:35,43204.97,43053.75,-0.14%,143.59%
11523342,NDX100,Sell,2/6/2026 15:54,18400.62,2/6/2026 15:55,18414.93,18465.02,-0.14%,143.39%
11523342,DJ30,Buy,2/6/2026 15:32,42530.43,2/6/2026 16:02,42496.21,42381.57,-0.28%,143.00%
11523342,NDX100,Sell,2/6/2026 16:19,17863.56,2/6/2026 16:20,17869.99,17926.08,-0.17%,142.75%
11523342,DJ30,Sell,2/6/2026 16:18,46211.53,2/6/2026 16:31,46288.29,46373.27,-0.23%,142.42%
11523342,NDX100,Sell,2/6/2026 16:20,16938.73,2/6/2026 16:35,16946.25,16998.02,-0.23%,142.10%
11523342,DJ30,Sell,2/6/2026 16:55,47964.02,2/6/2026 17:04,47943.97,48131.89,0.49%,142.80%
11523342,GBPJPY,Sell,2/6/2026 17:31,208.23,2/6/2026 17:42,208.26,208.96,-0.15%,142.58%
11523342,GBPJPY,Buy,2/6/2026 18:11,207.04,2/6/2026 18:27,206.95,206.32,-0.15%,142.36%
11523342,NDX100,Sell,2/7/2026 14:30,20794.78,2/7/2026 14:46,20815.91,20867.56,-0.12%,142.18%
11523342,DJ30,Buy,2/7/2026 15:01,45193.73,2/7/2026 15:10,45125.25,44967.31,-0.14%,141.98%
11523342,DJ30,Sell,2/7/2026 15:08,46270.56,2/7/2026 15:21,46229.79,46391.59,0.45%,142.62%
11523342,NDX100,Sell,2/7/2026 15:27,19047.46,2/7/2026 15:28,19029.23,19114.13,0.29%,143.04%
11523342,DJ30,Buy,2/7/2026 15:26,43076.1,2/7/2026 15:30,43003.13,42925.33,-0.12%,142.86%
11523342,DJ30,Buy,2/7/2026 15:26,48277.89,2/7/2026 15:34,48168.36,47999.77,-0.11%,142.71%
11523342,NDX100,Sell,2/7/2026 15:34,23379.58,2/7/2026 15:44,23386.99,23461.41,-0.11%,142.55%
11523342,DJ30,Buy,2/7/2026 16:08,46623.2,2/7/2026 16:24,46552.34,46460.02,-0.15%,142.33%
11523342,GBPJPY,Sell,2/7/2026 16:22,205.95,2/7/2026 16:39,206.05,206.77,-0.28%,141.94%
11523342,NDX100,Sell,2/7/2026 16:42,23169.47,2/7/2026 16:43,23149.95,23230.97,0.35%,142.44%
11523342,DJ30,Buy,2/7/2026 16:37,44459.73,2/7/2026 16:45,44416.24,44304.12,-0.26%,142.07%
11523342,XAUUSD,Buy,2/7/2026 15:36,4299.7,2/7/2026 16:49,4305.42,4290.35,0.51%,142.79%
11523342,XAUUSD,Buy,2/7/2026 16:26,3947.64,2/7/2026 16:56,3942.72,3933.82,-0.17%,142.55%
11523342,DJ30,Sell,2/7/2026 17:52,44285.3,2/7/2026 18:03,44254.19,44409.08,0.34%,143.03%
11523342,XAUUSD,Buy,2/7/2026 17:29,4871.54,2/7/2026 18:06,4867.26,4854.49,-0.09%,142.90%
11523342,GBPJPY,Sell,2/7/2026 19:06,208.01,2/7/2026 19:09,207.94,208.67,0.63%,143.80%
11523342,XAUUSD,Sell,2/8/2026 14:16,3974.82,2/8/2026 14:26,3952.44,3988.73,0.62%,144.69%
11523342,GBPJPY,Sell,2/8/2026 15:50,206.44,2/8/2026 16:03,206.46,207.16,-0.18%,144.42%
11523342,NDX100,Sell,2/8/2026 16:22,18152.17,2/8/2026 16:25,18129.75,18193.2,0.39%,144.98%
11523342,DJ30,Buy,2/8/2026 16:22,48844.79,2/8/2026 16:44,48754.45,48583.81,-0.23%,144.65%
11523342,GBPJPY,Buy,2/8/2026 17:01,205.39,2/8/2026 17:08,205.3,204.67,-0.11%,144.49%
11523342,XAUUSD,Buy,2/8/2026 16:43,3740.3,2/8/2026 17:21,3737.24,3727.21,-0.14%,144.29%
11523342,GBPJPY,Buy,2/8/2026 17:19,206.05,2/8/2026 17:35,205.93,205.21,-0.22%,143.98%
11523342,GBPJPY,Sell,2/8/2026 17:48,208.17,2/8/2026 17:58,208.22,208.9,-0.09%,143.85%
11523342,XAUUSD,Buy,2/8/2026 19:27,4416.51,2/8/2026 20:11,4422.07,4406.59,0.49%,144.56%
11523342,DJ30,Sell,2/9/2026 16:32,50032.5,2/9/2026 16:35,49977.0,50151.92,0.43%,145.18%
11523342,NDX100,Buy,2/9/2026 17:04,25068.18,2/9/2026 17:05,25080.08,24980.44,0.43%,145.81%
11523342,NDX100,Buy,2/9/2026 17:04,25068.93,2/9/2026 17:05,25080.08,24981.19,0.54%,146.59%
11523342,NDX100,Buy,2/9/2026 17:04,25080.08,2/9/2026 17:05,25071.05,24983.3,-0.18%,146.32%
11523342,DJ30,Sell,2/9/2026 17:12,49975.5,2/9/2026 17:16,50033.0,50150.41,-0.14%,146.12%
11523342,DJ30,Sell,2/9/2026 17:25,50082.31,2/9/2026 17:25,50086.31,50257.6,-0.25%,145.76%
11523342,DJ30,Sell,2/9/2026 17:25,50081.31,2/9/2026 17:25,50086.31,50256.59,-0.14%,145.56%
11523342,DJ30,Sell,2/9/2026 17:25,50086.31,2/9/2026 17:25,50082.31,50257.6,0.39%,146.12%
11523342,DJ30,Sell,2/9/2026 17:25,50081.81,2/9/2026 17:25,50086.31,50257.1,-0.09%,145.98%
11523342,DJ30,Sell,2/9/2026 17:25,50082.31,2/9/2026 17:25,50086.31,50257.6,-0.23%,145.65%
11523342,DJ30,Sell,2/9/2026 17:25,50082.31,2/9/2026 17:25,50086.31,50257.6,-0.22%,145.33%
11523342,DJ30,Sell,2/9/2026 17:25,50081.31,2/9/2026 17:25,50086.31,50256.59,-0.17%,145.09%
11523342,DJ30,Sell,2/9/2026 17:25,50086.31,2/9/2026 17:25,50082.31,50257.6,0.42%,145.69%
11523342,DJ30,Sell,2/9/2026 17:25,50081.31,2/9/2026 17:25,50086.31,50256.59,-0.17%,145.44%
11523342,GBPJPY,Buy,2/9/2026 20:14,213.237,2/9/2026 20:14,213.227,212.49,-0.09%,145.31%
11523342,DJ30,Buy,2/10/2026 17:21,50341.22,2/10/2026 17:48,50451.94,50275.36,0.35%,145.82%
11523342,NDX100,Sell,2/10/2026 17:49,25309.47,2/10/2026 19:46,25308.43,25398.05,0.57%,146.66%
11523342,NDX100,Sell,2/10/2026 17:49,25308.43,2/10/2026 19:46,25308.96,25397.54,-0.14%,146.45%
11523342,NDX100,Sell,2/10/2026 17:49,25308.43,2/10/2026 19:46,25308.72,25397.3,-0.12%,146.27%
11523342,NDX100,Sell,2/10/2026 17:49,25308.97,2/10/2026 19:46,25307.32,25397.55,0.45%,146.93%
11523342,XAUUSD,Sell,2/10/2026 20:06,5019.12,2/10/2026 21:18,5019.42,5036.99,-0.18%,146.65%
11523342,XAUUSD,Sell,2/10/2026 20:06,5019.32,2/10/2026 21:18,5019.12,5036.89,0.40%,147.24%
11523342,XAUUSD,Buy,2/11/2026 03:31,5039.02,2/11/2026 04:11,5038.31,5021.38,0.45%,147.90%
11523342,XAUUSD,Buy,2/11/2026 03:31,5038.94,2/11/2026 04:11,5038.09,5021.3,0.37%,148.45%
11523342,XAUUSD,Sell,2/11/2026 04:12,5038.27,2/11/2026 05:28,5060.07,5055.9,0.35%,148.97%
11523342,XAUUSD,Sell,2/11/2026 04:12,5038.03,2/11/2026 05:28,5059.93,5055.66,0.45%,149.64%
11523342,NDX100,Buy,2/11/2026 16:36,25304.55,2/11/2026 16:37,25269.33,25215.98,-0.25%,149.27%
11523342,NDX100,Buy,2/11/2026 16:36,25304.55,2/11/2026 16:37,25265.2,25215.98,-0.18%,148.99%
11523342,NDX100,Buy,2/11/2026 16:36,25302.55,2/11/2026 16:37,25273.83,25213.99,-0.17%,148.74%
11523342,NDX100,Buy,2/11/2026 16:36,25302.68,2/11/2026 16:37,25273.83,25214.12,0.39%,149.32%
11523342,XAUUSD,Sell,2/11/2026 16:38,5054.94,2/11/2026 16:53,5054.86,5072.63,-0.25%,148.95%
11523342,XAUUSD,Sell,2/11/2026 16:38,5054.93,2/11/2026 16:53,5054.94,5072.62,0.51%,149.71%
11523342,NDX100,Buy,2/11/2026 17:07,25191.02,2/11/2026 17:09,25157.12,25102.85,-0.11%,149.54%
11523342,NDX100,Buy,2/11/2026 17:07,25190.15,2/11/2026 17:09,25157.12,25101.98,0.35%,150.07%
11523342,NDX100,Buy,2/11/2026 17:07,25188.66,2/11/2026 17:09,25157.12,25100.5,0.51%,150.84%
11523342,NDX100,Buy,2/11/2026 17:08,25188.54,2/11/2026 17:09,25157.12,25100.38,-0.14%,150.63%
11523342,NDX100,Sell,2/12/2026 16:35,25255.5,2/12/2026 16:38,25297.48,25343.89,-0.09%,150.49%
11523342,NDX100,Sell,2/12/2026 16:35,25255.5,2/12/2026 16:38,25302.73,25343.89,0.52%,151.28%
11523342,NDX100,Sell,2/12/2026 16:35,25257.38,2/12/2026 16:38,25297.48,25345.78,0.39%,151.86%
11523342,NDX100,Sell,2/12/2026 16:35,25255.13,2/12/2026 16:38,25297.48,25343.52,-0.23%,151.51%
11523342,DJ30,Sell,2/12/2026 16:40,50371.3,2/12/2026 16:42,50415.3,50547.6,0.59%,152.40%
11523342,DJ30,Buy,2/12/2026 16:43,50366.3,2/12/2026 16:46,50297.3,50190.02,0.39%,152.99%
11523342,DJ30,Buy,2/16/2026 14:14,49708.5,2/16/2026 14:30,49769.55,49534.52,0.28%,153.41%
11523342,DJ30,Sell,2/16/2026 14:32,49700.0,2/16/2026 14:41,49696.0,49873.95,0.60%,154.33%
11523342,NDX100,Sell,2/17/2026 14:39,24536.83,2/17/2026 14:55,24535.05,24622.71,-0.23%,153.98%
11523342,NDX100,Buy,2/17/2026 16:27,24577.18,2/17/2026 16:31,24638.95,24491.16,-0.22%,153.64%
11523342,NDX100,Buy,2/17/2026 16:31,24633.68,2/17/2026 16:32,24592.08,24547.46,0.40%,154.26%
11523342,DJ30,Buy,2/17/2026 16:49,49580.5,2/17/2026 16:50,49452.0,49406.97,0.37%,154.83%
11523342,DJ30,Sell,2/17/2026 16:50,49435.0,2/17/2026 17:08,49308.5,49608.02,0.54%,155.67%
11523342,NDX100,Sell,2/17/2026 17:00,24425.7,2/17/2026 17:18,24510.68,24511.19,-0.22%,155.33%
11523342,NDX100,Sell,2/17/2026 17:21,24530.83,2/17/2026 17:33,24394.95,24616.69,-0.18%,155.04%
11523342,NDX100,Sell,2/17/2026 17:39,24398.07,2/17/2026 17:47,24482.0,24483.46,0.43%,155.71%
11523342,DJ30,Sell,2/18/2026 16:27,49620.5,2/18/2026 16:30,49496.5,49794.17,0.59%,156.63%
11523342,DJ30,Sell,2/18/2026 16:30,49490.5,2/18/2026 16:31,49499.5,49663.72,-0.28%,156.19%
11523342,NDX100,Buy,2/18/2026 16:31,24755.79,2/18/2026 16:32,24714.44,24669.14,0.49%,156.96%
11523342,DJ30,Buy,2/18/2026 16:32,49641.5,2/18/2026 16:40,49691.0,49467.75,-0.25%,156.57%
11523342,NDX100,Buy,2/18/2026 16:41,24762.92,2/18/2026 16:45,24758.82,24676.25,5.00%,164.40%
11523342,GBPJPY,Buy,2/18/2026 16:45,209.082,2/18/2026 16:48,208.961,208.35,-6.00%,154.54%
11523342,GBPJPY,Buy,2/18/2026 16:49,209.041,2/18/2026 17:07,208.952,208.31,-17.00%,128.27%
11523342,GBPJPY,Buy,2/18/2026 16:49,209.058,2/18/2026 17:07,208.951,208.33,7.70%,138.14%
11523342,GBPJPY,Sell,2/18/2026 17:07,208.947,2/18/2026 17:09,208.938,209.68,-3.00%,134.00%
